{"loss": 0.3168248236179352, "accuracy": 0.8973000049591064}