{"loss": 0.3257710337638855, "accuracy": 0.8842999935150146}