{"loss": 0.31038179993629456, "accuracy": 0.885699987411499}