{"loss": 0.3255460560321808, "accuracy": 0.880299985408783}