{"loss": 0.29309213161468506, "accuracy": 0.8934000134468079}