{"loss": 0.2826792597770691, "accuracy": 0.8955000042915344}