{"loss": 0.26338991522789, "accuracy": 0.9053999781608582}