{"loss": 0.394802063703537, "accuracy": 0.8572999835014343}