{"loss": 0.29888224601745605, "accuracy": 0.8927000164985657}