{"loss": 0.4558476507663727, "accuracy": 0.8417999744415283}