{"loss": 0.24825051426887512, "accuracy": 0.9082000255584717}