{"loss": 0.33935821056365967, "accuracy": 0.8761000037193298}