{"loss": 0.26122087240219116, "accuracy": 0.9061999917030334}