epoch,loss,accuracy
1,0.6347835659980774,0.781333327293396
2,0.4133615791797638,0.8574000000953674
3,0.3607548773288727,0.8749666810035706
4,0.33336758613586426,0.8830500245094299
5,0.31316429376602173,0.8888166546821594
6,0.29874759912490845,0.8944500088691711
7,0.28497055172920227,0.8978333473205566
8,0.273835688829422,0.9024999737739563
9,0.262783020734787,0.9054333567619324
10,0.2536977231502533,0.9085833430290222
