epoch,loss,accuracy
1,0.7279452681541443,0.7261999845504761
2,0.6046772599220276,0.7745500206947327
3,0.5788955092430115,0.7857499718666077
4,0.5688747763633728,0.7854666709899902
5,0.5623726844787598,0.7918166518211365
6,0.5451961159706116,0.7962666749954224
7,0.5468109846115112,0.796999990940094
8,0.539939284324646,0.8004833459854126
9,0.5363426208496094,0.80076664686203
10,0.5280053019523621,0.8034833073616028
