epoch,loss,accuracy
1,0.6504532098770142,0.7726666927337646
2,0.43533697724342346,0.8490999937057495
3,0.37728193402290344,0.8676166534423828
