epoch,loss,accuracy
1,0.6241914629936218,0.782800018787384
2,0.40441980957984924,0.8603166937828064
