epoch,loss,accuracy
1,0.63974928855896,0.7813166379928589
2,0.415628045797348,0.8571166396141052
3,0.36582475900650024,0.8726999759674072
4,0.338517427444458,0.8811833262443542
