epoch,loss,accuracy
1,0.6689544916152954,0.7691500186920166
2,0.44277793169021606,0.8464499711990356
3,0.38454321026802063,0.8660666942596436
4,0.35384613275527954,0.8761166930198669
