epoch,loss,accuracy
1,0.6743656396865845,0.767799973487854
2,0.4407070279121399,0.8479833602905273
