epoch,loss,accuracy
1,0.5874974131584167,0.7958999872207642
2,0.37260308861732483,0.8707500100135803
3,0.3263583779335022,0.8850666880607605
4,0.3017563819885254,0.8937000036239624
5,0.2805366516113281,0.8998333215713501
6,0.26626238226890564,0.9050333499908447
7,0.2533201575279236,0.908133327960968
8,0.2432226985692978,0.911899983882904
9,0.2321476936340332,0.914816677570343
10,0.2224201261997223,0.9201833605766296
