epoch,loss,accuracy
1,0.6372571587562561,0.7793499827384949
