epoch,loss,accuracy
1,0.6222756505012512,0.7808333039283752
