epoch,loss,accuracy
1,0.6522462368011475,0.7764999866485596
2,0.42701563239097595,0.854533314704895
3,0.3775250315666199,0.8689333200454712
4,0.3461635708808899,0.8791000247001648
