epoch,loss,accuracy
1,0.49322593212127686,0.8246166706085205
2,0.3584853410720825,0.8678833246231079
3,0.32628193497657776,0.8789499998092651
4,0.30545172095298767,0.8861666917800903
5,0.29696932435035706,0.8883666396141052
6,0.2849830687046051,0.8920166492462158
7,0.270626425743103,0.8961833119392395
8,0.2588315010070801,0.8996000289916992
9,0.25579720735549927,0.9008833169937134
10,0.24686923623085022,0.9051333069801331
