epoch,loss,accuracy
1,0.6354274153709412,0.781416654586792
2,0.40153729915618896,0.8604833483695984
3,0.3502116799354553,0.8772333264350891
4,0.32177695631980896,0.8863666653633118
