epoch,loss,accuracy
1,0.6218686699867249,0.7843999862670898
2,0.41571107506752014,0.8556833267211914
3,0.3644575774669647,0.8731833100318909
