step	accuracy
0	0.7261999845504761
1	0.7745500206947327
2	0.7857499718666077
3	0.7854666709899902
4	0.7918166518211365
5	0.7962666749954224
6	0.796999990940094
7	0.8004833459854126
8	0.80076664686203
9	0.8034833073616028
