step	accuracy
0	0.7958999872207642
1	0.8707500100135803
2	0.8850666880607605
3	0.8937000036239624
4	0.8998333215713501
5	0.9050333499908447
6	0.908133327960968
7	0.911899983882904
8	0.914816677570343
9	0.9201833605766296
