step	accuracy
0	0.8246166706085205
1	0.8678833246231079
2	0.8789499998092651
3	0.8861666917800903
4	0.8883666396141052
5	0.8920166492462158
6	0.8961833119392395
7	0.8996000289916992
8	0.9008833169937134
9	0.9051333069801331
