step	accuracy
0	0.781333327293396
1	0.8574000000953674
2	0.8749666810035706
3	0.8830500245094299
4	0.8888166546821594
5	0.8944500088691711
6	0.8978333473205566
7	0.9024999737739563
8	0.9054333567619324
9	0.9085833430290222
